step,loss,learning_rate
10,2.6877471923828127,3.7500000000000003e-05
20,2.275224494934082,2.361111111111111e-05
30,2.102467346191406,9.722222222222223e-06
10,2.783089447021484,2.8875e-05
20,2.359560966491699,2.7625e-05
30,2.145802879333496,2.6375e-05
40,2.053647994995117,2.5125e-05
50,1.9888816833496095,2.3874999999999998e-05
60,1.9015913009643555,2.2625e-05
70,1.8638551712036133,2.1375e-05
80,1.7626165390014648,2.0124999999999998e-05
90,1.7399852752685547,1.8875e-05
100,1.7362041473388672,1.7625e-05
110,1.6630935668945312,1.6374999999999998e-05
120,1.6372446060180663,1.5125e-05
130,1.5879080772399903,1.3875000000000002e-05
140,1.5886693000793457,1.2625e-05
150,1.544217014312744,1.1375e-05
160,1.5315185546875,1.0125e-05
170,1.4844965934753418,8.875e-06
180,1.5048216819763183,7.625e-06
190,1.4787137985229493,6.375e-06
200,1.4565834045410155,5.125e-06
210,1.4122949600219727,3.875e-06
220,1.451726245880127,2.625e-06
230,1.4392831802368165,1.375e-06
240,1.4343100547790528,1.25e-07
